Tiempo (us),Amplitud (dBm)
0.0,-46.66911697387695
0.007356547327121138,-56.66912078857422
0.014713094654242276,-46.66911697387695
0.02206964198136341,-46.36378479003906
0.029426189308484552,-47.8047981262207
0.03678273663560569,-39.52922058105469
0.04413928396272682,-43.658817291259766
0.051495831289847964,-41.55028533935547
0.058852378616969105,-49.679420471191406
0.06620892594409024,-44.116397857666016
0.07356547327121138,-47.12669372558594
0.08092202059833252,-44.978904724121094
0.08827856792545365,-47.37493133544922
0.09563511525257479,-41.82612228393555
0.10299166257969593,-45.65160369873047
0.11034820990681707,-49.679420471191406
0.11770475723393821,-47.978023529052734
0.12506130456105935,-47.638221740722656
0.13241785188818048,-44.2918701171875
0.13977439921530163,-58.60638427734375
0.14713094654242276,-47.37493133544922
0.15448749386954388,-56.66912078857422
0.16184404119666504,-46.66911697387695
0.16920058852378617,-47.37493133544922
0.1765571358509073,-49.679420471191406
0.18391368317802845,-50.00381088256836
0.19127023050514957,-47.638221740722656
0.19862677783227073,-48.53998565673828
0.20598332515939186,-42.04513931274414
0.213339872486513,-49.679420471191406
0.22069641981363414,-39.36219024658203
0.22805296714075526,-46.177345275878906
0.23540951446787642,-46.499656677246094
0.24276606179499755,-50.648521423339844
0.2501226091221187,-59.679420471191406
0.2574791564492398,-37.694847106933594
0.26483570377636095,-50.98832321166992
0.2721922511034821,-46.66911697387695
0.27954879843060326,-40.41005325317383
0.28690534575772436,-45.52968978881836
0.2942618930848455,-53.65882110595703
0.3016184404119666,-43.14729309082031
0.30897498773908777,-44.05464172363281
0.3163315350662089,-62.1932487487793
0.3236880823933301,-59.679420471191406
0.33104462972045123,-48.53998565673828
0.33840117704757233,-40.671688079833984
0.3457577243746935,-47.37493133544922
0.3531142717018146,-49.679420471191406
0.36047081902893574,-42.992469787597656
0.3678273663560569,-45.65160369873047
0.37518391368317805,-47.12669372558594
0.38254046101029915,-49.679420471191406
0.3898970083374203,-50.136993408203125
0.39725355566454146,-51.65914535522461
0.40461010299166256,-44.978904724121094
0.4119666503187837,-41.04618835449219
0.41932319764590487,-44.116397857666016
0.426679744973026,-49.679420471191406
0.4340362923001471,-45.65160369873047
0.4413928396272683,-55.988929748535156
0.4487493869543894,-51.6190299987793
0.4561059342815105,-50.136993408203125
0.4634624816086317,-52.689720153808594
0.47081902893575284,-52.689720153808594
0.478175576262874,-44.825843811035156
0.4855321235899951,-50.136993408203125
0.4928886709171162,-50.136993408203125
0.5002452182442374,-40.385231018066406
0.5076017655713585,-42.82587814331055
0.5149583128984796,-43.997398376464844
0.5223148602256007,-59.679420471191406
0.5296714075527219,-43.405975341796875
0.537027954879843,-45.05543899536133
0.5443845022069642,-46.66911697387695
0.5517410495340854,-52.689720153808594
0.5590975968612065,-41.82612228393555
0.5664541441883276,-46.36378479003906
0.5738106915154487,-59.679420471191406
0.5811672388425699,-55.988929748535156
0.588523786169691,-43.28125
0.5958803334968121,-47.8047981262207
0.6032368808239332,-51.6190299987793
0.6105934281510544,-46.66911697387695
0.6179499754781755,-44.36463165283203
0.6253065228052966,-51.6190299987793
0.6326630701324178,-59.679420471191406
0.6400196174595391,-49.13363265991211
0.6473761647866602,-44.2918701171875
0.6547327121137813,-55.988929748535156
0.6620892594409025,-44.686073303222656
0.6694458067680236,-50.98832321166992
0.6768023540951447,-45.05543899536133
0.6841589014222658,-40.55762481689453
0.691515448749387,-44.2918701171875
0.6988719960765081,-47.0456428527832
0.7062285434036292,-43.84300231933594
0.7135850907307504,-47.562801361083984
0.7209416380578715,-62.1932487487793
0.7282981853849926,-44.6279182434082
0.7356547327121138,-53.65882110595703
0.743011280039235,-55.988929748535156
0.7503678273663561,-65.20354461669922
0.7577243746934772,-41.3778190612793
0.7650809220205983,-43.405975341796875
0.7724374693477195,-42.57493591308594
0.7797940166748406,-42.230674743652344
0.7871505640019617,-42.689720153808594
0.7945071113290829,-38.306514739990234
0.801863658656204,-40.828590393066406
0.8092202059833251,-44.497928619384766
0.8165767533104462,-37.69636917114258
0.8239333006375674,-41.55028533935547
0.8312898479646886,-45.52968978881836
0.8386463952918097,-47.37493133544922
0.8460029426189308,-47.8047981262207
0.853359489946052,-40.84526062011719
0.8607160372731731,-48.53998565673828
0.8680725846002942,-47.638221740722656
0.8754291319274154,-51.65914535522461
0.8827856792545365,-44.978904724121094
0.8901422265816576,-45.52968978881836
0.8974987739087787,-50.648521423339844
0.9048553212359,-41.35432815551758
0.912211868563021,-52.689720153808594
0.9195684158901422,-56.66912078857422
0.9269249632172634,-51.43282699584961
0.9342815105443846,-47.8047981262207
0.9416380578715057,-44.2918701171875
0.9489946051986268,-46.177345275878906
0.956351152525748,-44.497928619384766
0.9637076998528691,-42.519386291503906
0.9710642471799902,-65.20354461669922
0.9784207945071113,-59.679420471191406
0.9857773418342324,-47.5159797668457
0.9931338891613535,-43.405975341796875
1.0004904364884748,-54.4431266784668
1.007846983815596,-42.689720153808594
1.015203531142717,-51.65914535522461
1.022560078469838,-50.98832321166992
1.0299166257969592,-65.20354461669922
1.0372731731240803,-41.35432815551758
1.0446297204512014,-49.679420471191406
1.0519862677783227,-49.13363265991211
1.0593428151054438,-41.55028533935547
1.066699362432565,-50.648521423339844
1.074055909759686,-43.658817291259766
1.0814124570868073,-53.65882110595703
1.0887690044139284,-41.00175094604492
1.0961255517410495,-59.679420471191406
1.1034820990681709,-43.551578521728516
1.110838646395292,-45.05543899536133
1.118195193722413,-58.60638427734375
1.1255517410495341,-40.648521423339844
1.1329082883766552,-49.679420471191406
1.1402648357037763,-44.2918701171875
1.1476213830308974,-49.13363265991211
1.1549779303580185,-44.710411071777344
1.1623344776851399,-46.66911697387695
1.169691025012261,-58.60638427734375
1.177047572339382,-42.82587814331055
1.1844041196665032,-45.65160369873047
1.1917606669936243,-44.6279182434082
1.1991172143207454,-47.37493133544922
1.2064737616478665,-41.55028533935547
1.2138303089749878,-47.37493133544922
1.2211868563021089,-44.978904724121094
1.22854340362923,-55.988929748535156
1.235899950956351,-50.648521423339844
1.2432564982834722,-49.679420471191406
1.2506130456105933,-53.36470413208008
1.2579695929377144,-50.648521423339844
1.2653261402648357,-44.6279182434082
1.272682687591957,-50.98832321166992
1.2800392349190781,-41.793724060058594
1.2873957822461992,-52.689720153808594
1.2947523295733203,-49.679420471191406
1.3021088769004414,-45.52968978881836
1.3094654242275625,-53.65882110595703
1.3168219715546836,-47.0456428527832
1.324178518881805,-40.723358154296875
1.331535066208926,-45.70002365112305
1.3388916135360471,-49.13363265991211
1.3462481608631682,-45.65160369873047
1.3536047081902893,-54.4431266784668
1.3609612555174104,-39.91089630126953
1.3683178028445315,-42.689720153808594
1.3756743501716528,-47.12669372558594
1.383030897498774,-44.08271408081055
1.390387444825895,-49.679420471191406
1.3977439921530161,-39.92168045043945
1.4051005394801372,-56.66912078857422
1.4124570868072583,-47.978023529052734
1.4198136341343794,-50.00381088256836
1.4271701814615008,-46.499656677246094
1.4345267287886219,-42.777462005615234
1.441883276115743,-38.80524444580078
1.449239823442864,-53.36470413208008
1.4565963707699852,-50.265785217285156
1.4639529180971065,-53.65882110595703
1.4713094654242276,-47.638221740722656
1.4786660127513487,-50.98832321166992
1.48602256007847,-42.43666458129883
1.493379107405591,-45.52968978881836
1.5007356547327122,-52.689720153808594
1.5080922020598333,-48.53998565673828
1.5154487493869544,-49.679420471191406
1.5228052967140755,-47.12669372558594
1.5301618440411966,-41.55028533935547
1.537518391368318,-45.65160369873047
1.544874938695439,-49.679420471191406
1.5522314860225601,-50.98832321166992
1.5595880333496812,-45.137569427490234
1.5669445806768023,-59.679420471191406
1.5743011280039234,-41.3778190612793
1.5816576753310445,-43.14729309082031
1.5890142226581658,-42.04513931274414
1.596370769985287,-47.638221740722656
1.603727317312408,-43.944122314453125
1.6110838646395291,-55.988929748535156
1.6184404119666502,-49.50995635986328
1.6257969592937713,-42.57493591308594
1.6331535066208924,-51.65914535522461
1.6405100539480135,-44.2918701171875
1.6478666012751348,-44.50568389892578
1.655223148602256,-48.72537612915039
1.6625796959293773,-55.988929748535156
1.6699362432564984,-65.20354461669922
1.6772927905836195,-52.689720153808594
1.6846493379107406,-50.00381088256836
1.6920058852378617,-59.679420471191406
1.699362432564983,-65.20354461669922
1.706718979892104,-59.679420471191406
1.7140755272192252,-44.78621292114258
1.7214320745463463,-54.4431266784668
1.7287886218734674,-47.37493133544922
1.7361451692005885,-46.36378479003906
1.7435017165277096,-44.6279182434082
1.750858263854831,-47.0456428527832
1.758214811181952,-52.689720153808594
1.765571358509073,-45.52968978881836
1.7729279058361942,-40.385231018066406
1.7802844531633153,-45.70002365112305
1.7876410004904364,-49.679420471191406
1.7949975478175575,-42.75269317626953
1.8023540951446786,-44.36463165283203
1.8097106424718,-42.519386291503906
1.817067189798921,-46.499656677246094
1.824423737126042,-45.78499984741211
1.8317802844531632,-47.37493133544922
1.8391368317802843,-51.43282699584961
1.8464933791074054,-41.82612228393555
1.8538499264345267,-50.00381088256836
1.861206473761648,-45.70002365112305
1.8685630210887691,-55.988929748535156
1.8759195684158902,-48.53998565673828
1.8832761157430113,-45.65160369873047
1.8906326630701324,-58.60638427734375
1.8979892103972535,-47.562801361083984
1.9053457577243746,-42.04513931274414
1.912702305051496,-52.689720153808594
1.9200588523786168,-45.70002365112305
1.9274153997057382,-43.551578521728516
1.934771947032859,-45.65160369873047
1.9421284943599804,-42.43666458129883
1.9494850416871017,-46.36378479003906
1.9568415890142226,-52.689720153808594
1.9641981363413439,-41.10609436035156
1.9715546836684648,-48.53998565673828
1.978911230995586,-45.05543899536133
1.986267778322707,-45.52968978881836
1.9936243256498283,-41.04618835449219
2.0009808729769496,-46.66911697387695
2.0083374203040707,-40.18552017211914
2.015693967631192,-50.136993408203125
2.023050514958313,-52.689720153808594
2.030407062285434,-59.679420471191406
2.037763609612555,-43.14729309082031
2.045120156939676,-40.264408111572266
2.0524767042667977,-48.72537612915039
2.0598332515939184,-46.66911697387695
2.06718979892104,-39.91089630126953
2.0745463462481606,-50.00381088256836
2.081902893575282,-39.9821662902832
2.089259440902403,-59.679420471191406
2.0966159882295243,-51.65914535522461
2.1039725355566454,-49.679420471191406
2.1113290828837665,-43.353485107421875
2.1186856302108876,-37.3419075012207
2.1260421775380087,-22.547351837158203
2.13339872486513,-14.274300575256348
2.140755272192251,-9.248878479003906
2.148111819519372,-6.035684585571289
2.1554683668464936,-4.249996185302734
2.1628249141736147,-3.3134028911590576
2.1701814615007358,-2.6482372283935547
2.177538008827857,-2.341071844100952
2.184894556154978,-2.195369005203247
2.192251103482099,-1.976421594619751
2.19960765080922,-1.8605457544326782
2.2069641981363417,-1.7836346626281738
2.2143207454634624,-1.6528270244598389
2.221677292790584,-1.626643419265747
2.2290338401177046,-1.6515302658081055
2.236390387444826,-1.522261142730713
2.2437469347719468,-1.4174308776855469
2.2511034820990683,-1.4676730632781982
2.258460029426189,-1.4788893461227417
2.2658165767533105,-1.4234784841537476
2.2731731240804316,-1.3789749145507812
2.2805296714075527,-1.3632183074951172
2.287886218734674,-1.2968945503234863
2.295242766061795,-1.2856134176254272
2.302599313388916,-1.3279063701629639
2.309955860716037,-1.2655842304229736
2.317312408043158,-1.2297755479812622
2.3246689553702797,-1.230795979499817
2.3320255026974004,-1.1771719455718994
2.339382050024522,-1.243072748184204
2.346738597351643,-1.2631983757019043
2.354095144678764,-1.1578835248947144
2.3614516920058852,-1.146843433380127
2.3688082393330063,-1.180139422416687
2.376164786660128,-1.164290428161621
2.3835213339872485,-1.1070842742919922
2.39087788131437,-1.088435173034668
2.3982344286414907,-1.137818694114685
2.4055909759686123,-1.1163467168807983
2.412947523295733,-1.0986517667770386
2.4203040706228545,-1.1027390956878662
2.4276606179499756,-1.0556285381317139
2.4350171652770967,-1.0724140405654907
2.4423737126042178,-1.0973293781280518
2.449730259931339,-1.1056151390075684
2.45708680725846,-1.1363353729248047
2.464443354585581,-1.0665180683135986
2.471799901912702,-1.0447219610214233
2.4791564492398237,-1.090082049369812
2.4865129965669444,-1.0315585136413574
2.493869543894066,-0.9846270084381104
2.5012260912211866,-1.0325034856796265
2.508582638548308,-1.0710649490356445
2.5159391858754288,-1.0929758548736572
2.5232957332025503,-1.0567998886108398
2.5306522805296714,-0.9972750544548035
2.5380088278567925,-1.0442225933074951
2.545365375183914,-1.084680199623108
2.5527219225110347,-1.036249041557312
2.5600784698381562,-1.0322496891021729
2.567435017165277,-1.0464000701904297
2.5747915644923984,-1.0694568157196045
2.582148111819519,-1.0802932977676392
2.5895046591466406,-1.0067436695098877
2.5968612064737617,-0.974082887172699
2.604217753800883,-0.9915168881416321
2.611574301128004,-1.0251832008361816
2.618930848455125,-1.0507171154022217
2.626287395782246,-0.9855232834815979
2.6336439431093672,-0.9846270084381104
2.6410004904364883,-1.0054134130477905
2.64835703776361,-0.9857495427131653
2.6557135850907305,-1.031396746635437
2.663070132417852,-1.0018991231918335
2.6704266797449727,-0.9588134288787842
2.6777832270720943,-0.9816646575927734
2.685139774399215,-0.9726229906082153
2.6924963217263365,-0.9938771724700928
2.6998528690534576,-1.0410208702087402
2.7072094163805787,-1.0267831087112427
2.7145659637076998,-0.9948441386222839
2.721922511034821,-1.0138214826583862
2.729279058361942,-1.0044671297073364
2.736635605689063,-0.929638683795929
2.7439921530161846,-0.9649319052696228
2.7513487003433057,-1.016427993774414
2.758705247670427,-0.9329423308372498
2.766061794997548,-0.9382462501525879
2.773418342324669,-0.9953102469444275
2.78077488965179,-0.9821866154670715
2.788131436978911,-0.9803339242935181
2.7954879843060323,-0.9846270084381104
2.802844531633154,-0.9880385994911194
2.8102010789602745,-0.9677625894546509
2.817557626287396,-0.954429030418396
2.8249141736145167,-0.9663254022598267
2.8322707209416382,-0.9707028269767761
2.839627268268759,-0.9752345085144043
2.8469838155958804,-0.9733529090881348
2.8543403629230015,-0.9649232029914856
2.8616969102501226,-0.9534925818443298
2.8690534575772437,-0.9677625894546509
2.876410004904365,-0.9829347133636475
2.883766552231486,-0.9933763146400452
2.891123099558607,-0.9850794672966003
2.898479646885728,-0.9416916370391846
2.9058361942128497,-0.9912556409835815
2.9131927415399703,-0.9925881028175354
2.920549288867092,-0.9121643900871277
2.927905836194213,-1.001607060432434
2.935262383521334,-1.001607060432434
2.942618930848455,-0.9525129199028015
2.9499754781755763,-1.033837914466858
2.9573320255026974,-0.9583276510238647
2.9646885728298185,-0.916039764881134
2.97204512015694,-0.9602016806602478
2.9794016674840607,-0.9522441625595093
2.986758214811182,-0.9762863516807556
2.994114762138303,-0.9443848729133606
3.0014713094654244,-0.9668551087379456
3.008827856792545,-0.9707028269767761
3.0161844041196666,-0.91386878490448
3.0235409514467877,-0.9595075249671936
3.030897498773909,-0.914770781993866
3.03825404610103,-0.9008934497833252
3.045610593428151,-0.9595075249671936
3.052967140755272,-0.8989244699478149
3.060323688082393,-0.9343523383140564
3.0676802354095143,-0.9622756838798523
3.075036782736636,-0.9419643878936768
3.0823933300637565,-0.9810035824775696
3.089749877390878,-0.9275854229927063
3.0971064247179987,-0.9236271381378174
3.1044629720451202,-0.9559639692306519
3.111819519372241,-0.9329423308372498
3.1191760666993624,-0.9403756856918335
3.1265326140264835,-0.9334223866462708
3.1338891613536046,-0.9615336656570435
3.141245708680726,-0.959989070892334
3.148602256007847,-0.9152023792266846
3.1559588033349684,-0.9311476349830627
3.163315350662089,-0.9129194617271423
3.1706718979892106,-0.9731226563453674
3.1780284453163317,-1.0114513635635376
3.1853849926434528,-0.9573213458061218
3.192741539970574,-0.9644848108291626
3.200098087297695,-0.9534925818443298
3.207454634624816,-0.937484622001648
3.214811181951937,-0.9252171516418457
3.2221677292790583,-0.9038714170455933
3.22952427660618,-0.9492928385734558
3.2368808239333005,-0.9575642347335815
3.244237371260422,-0.9537180066108704
3.2515939185875427,-0.9514856338500977
3.258950465914664,-0.9429689049720764
3.266307013241785,-0.9948441386222839
3.2736635605689064,-0.9892486929893494
3.281020107896027,-0.9403756856918335
3.2883766552231486,-0.9841745495796204
3.2957332025502697,-0.9585575461387634
3.303089749877391,-0.8934205770492554
3.310446297204512,-0.9414492249488831
3.317802844531633,-0.9745478630065918
3.3251593918587545,-0.9715933203697205
3.332515939185875,-0.9569137096405029
3.3398724865129967,-0.9517326951026917
3.347229033840118,-0.9826998710632324
3.354585581167239,-0.9517326951026917
3.36194212849436,-0.9612516164779663
3.369298675821481,-0.9663254022598267
3.3766552231486022,-0.9189149737358093
3.3840117704757233,-0.9805817604064941
3.3913683178028444,-0.9788381457328796
3.398724865129966,-0.9291761517524719
3.4060814124570866,-0.974082887172699
3.413437959784208,-0.9846270084381104
3.420794507111329,-1.0039787292480469
3.4281510544384504,-0.9693867564201355
3.435507601765571,-0.8824834823608398
3.4428641490926926,-0.9573213458061218
3.4502206964198137,-1.0096971988677979
3.4575772437469348,-0.97051602602005
3.464933791074056,-0.9805817604064941
3.472290338401177,-0.9699557423591614
3.479646885728298,-0.9797251224517822
3.487003433055419,-1.0120056867599487
3.4943599803825403,-0.942206859588623
3.501716527709662,-0.871242344379425
3.5090730750367825,-0.967376172542572
3.516429622363904,-0.9590303301811218
3.523786169691025,-0.8781331181526184
3.531142717018146,-0.9537180066108704
3.5384992643452673,-0.9733529090881348
3.5458558116723884,-0.9174556732177734
3.55321235899951,-0.974082887172699
3.5605689063266306,-0.9928624629974365
3.567925453653752,-0.949856162071228
3.575282000980873,-0.9562718868255615
3.5826385483079943,-1.002435326576233
3.589995095635115,-0.9620543718338013
3.5973516429622365,-0.86489337682724
3.604708190289357,-0.8938855528831482
3.6120647376164787,-0.949856162071228
3.6194212849436,-0.9813819527626038
3.626777832270721,-1.0279549360275269
3.634134379597842,-0.9635472893714905
3.641490926924963,-0.9213377237319946
3.648847474252084,-0.9565233588218689
3.6562040215792053,-0.9486818909645081
3.6635605689063264,-0.9630612134933472
3.670917116233448,-0.9846270084381104
3.6782736635605686,-1.0150612592697144
3.68563021088769,-1.0039787292480469
3.692986758214811,-0.9520057439804077
3.7003433055419324,-1.0144544839859009
3.7076998528690535,-0.9995976686477661
3.7150564001961746,-0.9509525895118713
3.722412947523296,-0.9805817604064941
3.7297694948504168,-0.9316709041595459
3.7371260421775383,-0.959902286529541
3.744482589504659,-1.0007874965667725
3.7518391368317805,-0.9721146821975708
3.759195684158901,-1.0061025619506836
3.7665522314860227,-0.9895011782646179
3.773908778813144,-0.9832000732421875
3.781265326140265,-1.0305569171905518
3.788621873467386,-0.9839134812355042
3.795978420794507,-0.9630612134933472
3.803334968121628,-0.9835785627365112
3.8106915154487493,-0.9108830690383911
3.81804806277587,-0.8798695206642151
3.825404610102992,-1.0031416416168213
3.8327611574301126,-1.0039787292480469
3.8401177047572337,-0.9008934497833252
3.8474742520843552,-0.9974754452705383
3.8548307994114763,-1.0084668397903442
3.862187346738597,-0.9356587529182434
3.869543894065718,-1.0268093347549438
3.8769004413928396,-1.012258768081665
3.8842569887199607,-0.9314243793487549
3.8916135360470814,-0.9256449341773987
3.8989700833742034,-0.9008934497833252
3.906326630701324,-0.9292410016059875
3.913683178028445,-0.9718409776687622
3.921039725355566,-0.9356587529182434
3.9283962726826878,-0.9506665468215942
3.935752820009809,-1.0049468278884888
3.9431093673369295,-0.9942561388015747
3.9504659146640515,-0.9983904957771301
3.957822461991172,-1.0018991231918335
3.9651790093182933,-0.989231288433075
3.972535556645414,-0.9480883479118347
3.979892103972536,-0.9186257123947144
3.9872486512996566,-0.9715933203697205
3.9946051986267777,-0.9625621438026428
4.001961745953899,-0.9027507901191711
4.00931829328102,-0.937778890132904
4.016674840608141,-0.969082772731781
4.024031387935262,-0.9274470806121826
4.031387935262384,-0.9219251275062561
4.038744482589505,-0.9522441625595093
4.046101029916626,-0.9295089840888977
4.053457577243747,-0.9239209294319153
4.060814124570868,-0.999000608921051
4.068170671897989,-0.9721146821975708
4.07552721922511,-0.949856162071228
4.082883766552231,-0.9864153265953064
4.090240313879352,-0.9477850794792175
4.0975968612064735,-0.967376172542572
4.1049534085335955,-1.02809476852417
4.112309955860717,-0.9901236891746521
4.119666503187837,-0.9575295448303223
4.127023050514958,-0.9330633878707886
4.13437959784208,-0.9562718868255615
4.141736145169201,-0.9870594143867493
4.149092692496321,-0.96817946434021
4.156449239823443,-1.013066291809082
4.163805787150564,-0.9758430123329163
4.171162334477685,-0.9158929586410522
4.178518881804806,-0.9710590243339539
4.185875429131928,-0.9609999656677246
4.193231976459049,-0.9663254022598267
4.20058852378617,-1.0114513635635376
4.207945071113291,-0.9604576230049133
4.215301618440412,-0.9468753337860107
4.222658165767533,-0.9974754452705383
4.230014713094654,-0.9844834208488464
4.237371260421775,-0.94898521900177
4.244727807748896,-0.9411678314208984
4.2520843550760175,-0.976386308670044
4.259440902403139,-0.9427697062492371
4.26679744973026,-0.9197959303855896
4.274153997057381,-0.9906983971595764
4.281510544384502,-0.9362255334854126
4.288867091711624,-0.9105983376502991
4.296223639038744,-1.0519886016845703
4.303580186365865,-1.0166943073272705
4.310936733692987,-0.9419643878936768
4.318293281020108,-1.051418662071228
4.325649828347229,-1.052847981452942
4.3330063756743495,-0.9880385994911194
4.3403629230014715,-0.9999070763587952
4.347719470328593,-0.9652227163314819
4.355076017655714,-0.9298030138015747
4.362432564982835,-0.9189106822013855
4.369789112309956,-0.959602952003479
4.377145659637077,-1.0062813758850098
4.384502206964198,-0.9854493141174316
4.391858754291319,-0.9517326951026917
4.39921530161844,-0.9274470806121826
4.406571848945561,-0.9699557423591614
4.413928396272683,-0.9715933203697205
4.421284943599804,-0.9572389721870422
4.428641490926925,-1.0204287767410278
4.435998038254046,-0.9675759077072144
4.443354585581168,-0.8956165313720703
4.450711132908288,-0.975756049156189
4.458067680235409,-0.9656959176063538
4.46542422756253,-0.9468753337860107
4.472780774889652,-0.9770252704620361
4.480137322216772,-0.9389560222625732
4.4874938695438935,-0.9495571851730347
4.4948504168710155,-0.9569137096405029
4.502206964198137,-0.9324622750282288
4.509563511525258,-0.9587223529815674
4.516920058852378,-0.9776381850242615
4.5242766061795,-1.0037519931793213
4.531633153506621,-1.0221196413040161
4.538989700833742,-0.9653920531272888
4.546346248160863,-0.9734441637992859
4.553702795487984,-0.9794555306434631
4.561059342815105,-0.9575295448303223
4.5684158901422265,-0.989231288433075
4.575772437469348,-0.964042067527771
4.583128984796469,-0.9763950109481812
4.59048553212359,-0.9923399090766907
4.597842079450712,-0.9105983376502991
4.605198626777832,-0.9474904537200928
4.612555174104953,-0.9816646575927734
4.619911721432074,-0.970220685005188
4.627268268759196,-0.9883084893226624
4.634624816086316,-0.9380601644515991
4.6419813634134375,-0.9380601644515991
4.6493379107405595,-0.9509525895118713
4.656694458067681,-0.9398259520530701
4.664051005394801,-0.9864153265953064
4.671407552721922,-0.9776381850242615
4.678764100049044,-0.9687744379043579
4.686120647376165,-1.0002164840698242
4.693477194703286,-0.9741002917289734
4.700833742030407,-0.949856162071228
4.708190289357528,-0.9517326951026917
4.715546836684649,-0.9584447145462036
4.7229033840117705,-0.9889135360717773
4.7302599313388916,-1.0114513635635376
4.737616478666013,-0.9687744379043579
4.744973025993134,-0.9145247936248779
4.752329573320256,-0.9414492249488831
4.759686120647376,-0.9791685938835144
4.767042667974497,-0.9514856338500977
4.774399215301618,-0.9333445429801941
4.78175576262874,-0.9403756856918335
4.78911230995586,-0.9675759077072144
4.7964688572829814,-0.9788381457328796
4.803825404610103,-0.9713109731674194
4.8111819519372245,-0.9829695224761963
4.818538499264345,-0.9609999656677246
4.825895046591466,-0.9557298421859741
4.833251593918588,-0.9663341045379639
4.840608141245709,-0.9615336656570435
4.847964688572829,-0.9797251224517822
4.855321235899951,-0.9684965014457703
4.862677783227072,-0.9715933203697205
4.870034330554193,-0.9675759077072144
4.877390877881314,-0.9271618127822876
4.8847474252084355,-0.9788381457328796
4.892103972535557,-1.0105873346328735
4.899460519862678,-0.9609999656677246
4.9068170671898,-0.9823518991470337
4.91417361451692,-0.9974754452705383
4.921530161844041,-0.986463189125061
4.928886709171162,-0.94594407081604
4.936243256498284,-0.9139205813407898
4.943599803825404,-0.9274470806121826
4.950956351152525,-0.9165447950363159
4.958312898479647,-0.9566187858581543
4.9656694458067685,-0.9693867564201355
4.973025993133889,-0.9514856338500977
4.98038254046101,-1.0013498067855835
4.987739087788132,-0.9859192371368408
4.995095635115253,-0.959602952003479
5.002452182442373,-0.9551748037338257
5.009808729769495,-0.9389560222625732
5.017165277096616,-0.9719930291175842
5.024521824423737,-0.9679015874862671
5.0318783717508575,-1.0013498067855835
5.0392349190779795,-1.042934775352478
5.046591466405101,-0.9758430123329163
5.053948013732222,-0.9242276549339294
5.061304561059343,-0.9192302227020264
5.068661108386464,-0.9486818909645081
5.076017655713585,-0.9805817604064941
5.083374203040706,-0.9562718868255615
5.090730750367828,-0.9303563833236694
5.098087297694948,-0.965487539768219
5.105443845022069,-0.9999070763587952
5.112800392349191,-0.9509525895118713
5.1201569396763125,-0.9557298421859741
5.127513487003433,-0.9699557423591614
5.134870034330554,-0.9387309551239014
5.142226581657676,-1.021005392074585
5.149583128984797,-1.0204287767410278
5.156939676311917,-0.91386878490448
5.164296223639038,-0.949856162071228
5.17165277096616,-0.9847880005836487
5.179009318293281,-0.9821866154670715
5.1863658656204015,-0.9861760139465332
5.1937224129475235,-0.9429689049720764
5.201078960274645,-0.9568009376525879
5.208435507601766,-0.9575295448303223
5.215792054928886,-0.9509525895118713
5.223148602256008,-0.9788381457328796
5.230505149583129,-0.9255844354629517
5.23786169691025,-0.9189322590827942
5.245218244237371,-0.959602952003479
5.252574791564492,-0.9534015655517578
5.259931338891613,-0.9954452514648438
5.2672878862187344,-0.9630612134933472
5.2746444335458555,-0.9226637482643127
5.282000980872977,-0.9912556409835815
5.289357528200098,-0.9517326951026917
5.29671407552722,-0.9314243793487549
5.304070622854341,-0.9517326951026917
5.311427170181461,-0.9324492812156677
5.318783717508582,-0.9543033242225647
5.326140264835704,-0.9773513078689575
5.333496812162825,-0.9983904957771301
5.340853359489945,-0.9593340158462524
5.348209906817067,-0.9403756856918335
5.3555664541441885,-1.0094178915023804
5.36292300147131,-0.9784555435180664
5.37027954879843,-0.9532368183135986
5.377636096125552,-1.0025224685668945
5.384992643452673,-0.985357940196991
5.392349190779794,-0.9826998710632324
5.399705738106915,-1.003472924232483
5.407062285434036,-1.0002164840698242
5.414418832761157,-0.9955323934555054
5.421775380088278,-0.9802860617637634
5.4291319274153995,-0.9895055294036865
5.436488474742521,-0.9729053974151611
5.443845022069642,-0.902431845664978
5.451201569396764,-0.922737181186676
5.458558116723884,-1.0189217329025269
5.465914664051005,-0.9617810249328613
5.473271211378126,-0.93510502576828
5.480627758705248,-1.0140877962112427
5.487984306032369,-0.9630612134933472
5.495340853359489,-0.9782468676567078
5.502697400686611,-1.023972511291504
5.5100539480137325,-0.9464811682701111
5.517410495340854,-0.9635472893714905
5.524767042667974,-0.9880385994911194
5.532123589995096,-0.959902286529541
5.539480137322217,-0.9593340158462524
5.546836684649338,-0.900609016418457
5.554193231976459,-0.9593340158462524
5.56154977930358,-0.9684965014457703
5.568906326630701,-0.9395273327827454
5.576262873957822,-1.0299314260482788
5.5836194212849435,-0.9811297059059143
5.590975968612065,-0.9319432973861694
5.598332515939186,-0.9847880005836487
5.605689063266308,-0.9604576230049133
5.613045610593428,-0.9593340158462524
5.620402157920549,-0.9080449342727661
5.62775870524767,-0.906177818775177
5.635115252574792,-1.0178297758102417
5.642471799901912,-0.9632912278175354
5.649828347229033,-0.9319432973861694
5.657184894556155,-0.9693867564201355
5.6645414418832765,-0.9158929586410522
5.671897989210398,-0.9726229906082153
5.679254536537518,-1.0026838779449463
5.68661108386464,-0.9361995458602905
5.693967631191761,-0.9861760139465332
5.701324178518882,-0.9587223529815674
5.708680725846003,-0.9045352935791016
5.716037273173124,-0.9622973799705505
5.723393820500245,-0.9715933203697205
5.730750367827366,-0.9710590243339539
5.7381069151544875,-1.0042098760604858
5.7454634624816086,-0.9597504734992981
5.75282000980873,-0.902431845664978
5.760176557135852,-0.9103438258171082
5.767533104462972,-0.9548799395561218
5.774889651790093,-0.937752902507782
5.782246199117214,-0.9162123799324036
5.789602746444336,-0.967376172542572
5.796959293771456,-0.9409167766571045
5.804315841098577,-0.9242276549339294
5.811672388425699,-0.9938771724700928
5.81902893575282,-0.959902286529541
5.826385483079941,-0.9067038893699646
5.833742030407062,-0.9234067797660828
5.841098577734184,-0.9562892317771912
5.848455125061305,-0.96817946434021
5.855811672388426,-0.9951446652412415
5.863168219715546,-1.0293322801589966
5.870524767042668,-0.9642417430877686
5.877881314369789,-0.9625621438026428
5.88523786169691,-1.0316941738128662
5.892594409024031,-0.9731226563453674
5.8999509563511525,-0.9520057439804077
5.907307503678274,-1.003472924232483
5.914664051005395,-0.9829695224761963
5.922020598332516,-0.9857625961303711
5.929377145659637,-0.9834306240081787
5.936733692986758,-0.9617810249328613
5.94409024031388,-0.9977717399597168
5.951446787641,-0.9800251722335815
5.958803334968121,-0.9192302227020264
5.966159882295242,-0.949856162071228
5.973516429622364,-1.0135856866836548
5.980872976949485,-0.9928624629974365
5.988229524276606,-1.0013498067855835
5.995586071603728,-0.9631696939468384
6.002942618930849,-0.9103438258171082
6.010299166257969,-0.9721146821975708
6.01765571358509,-0.9403756856918335
6.025012260912212,-0.943453848361969
6.032368808239333,-1.0316941738128662
6.039725355566453,-0.9735050201416016
6.047081902893575,-0.9411678314208984
6.0544384502206965,-0.963712215423584
6.061794997547818,-0.9543423056602478
6.069151544874939,-0.9906983971595764
6.07650809220206,-0.9854493141174316
6.083864639529181,-0.9174427390098572
6.091221186856302,-0.970220685005188
6.098577734183424,-1.018305778503418
6.105934281510544,-0.8974684476852417
6.113290828837665,-0.9177578687667847
6.120647376164786,-1.032787799835205
6.128003923491908,-0.9509525895118713
6.135360470819029,-0.9097959995269775
6.14271701814615,-0.9336472749710083
6.150073565473272,-0.9167044758796692
6.157430112800393,-0.9601669311523438
6.164786660127513,-0.9715933203697205
6.172143207454634,-1.0100069046020508
6.179499754781756,-1.0108884572982788
6.186856302108877,-0.9699557423591614
6.194212849435997,-0.986463189125061
6.201569396763119,-0.9678885340690613
6.2089259440902405,-0.9945653676986694
6.2162824914173616,-0.9995976686477661
6.223639038744482,-0.930066704750061
6.230995586071604,-0.9578505158424377
6.238352133398725,-0.96817946434021
6.245708680725846,-0.9000661373138428
6.253065228052967,-0.9504108428955078
6.260421775380088,-0.9960028529167175
6.267778322707209,-0.9150858521461487
6.27513487003433,-0.9092352986335754
6.282491417361452,-0.9398259520530701
6.2898479646885725,-0.8892755508422852
6.297204512015694,-0.9303563833236694
6.304561059342816,-0.9794555306434631
6.311917606669937,-0.96817946434021
6.319274153997057,-0.9774469137191772
6.326630701324178,-0.9707723259925842
6.3339872486513,-0.9924313426017761
6.341343795978421,-1.0111589431762695
6.348700343305541,-0.9587223529815674
6.356056890632663,-0.9534015655517578
6.363413437959784,-0.9707723259925842
6.3707699852869055,-0.9615336656570435
6.378126532614026,-0.954429030418396
6.385483079941148,-0.9568009376525879
6.392839627268269,-0.9741002917289734
6.40019617459539,-0.9824301600456238
6.407552721922511,-0.9901236891746521
6.414909269249632,-1.0018991231918335
6.422265816576753,-0.9635472893714905
6.429622363903874,-0.9448353052139282
6.436978911230995,-0.9906983971595764
6.4443354585581165,-0.9797251224517822
6.451692005885238,-0.9408994317054749
6.45904855321236,-0.9575295448303223
6.466405100539481,-0.9339327812194824
6.473761647866601,-0.9092352986335754
6.481118195193722,-0.9776381850242615
6.488474742520844,-0.9299283623695374
6.495831289847965,-0.8582446575164795
6.503187837175085,-0.9835785627365112
6.510544384502206,-1.0207040309906006
6.517900931829328,-0.9284542202949524
6.5252574791564495,-0.9912556409835815
6.53261402648357,-0.9811297059059143
6.539970573810692,-0.8964433670043945
6.547327121137813,-0.9794555306434631
6.554683668464934,-0.9933763146400452
6.562040215792054,-0.9687744379043579
6.569396763119176,-0.9942561388015747
6.576753310446297,-0.9520057439804077
6.584109857773418,-0.9077646732330322
6.591466405100539,-0.9303563833236694
6.5988229524276605,-0.9779555797576904
6.606179499754782,-0.9876904487609863
6.613536047081903,-0.9788381457328796
6.620892594409024,-0.9480883479118347
6.628249141736145,-0.9308795928955078
6.635605689063266,-1.0029585361480713
6.642962236390388,-1.003712773323059
6.650318783717509,-0.9421548843383789
6.657675331044629,-0.9572389721870422
6.66503187837175,-0.9562892317771912
6.672388425698872,-0.9259214997291565
6.6797449730259935,-0.9699557423591614
6.687101520353114,-1.0065910816192627
6.694458067680236,-0.9436400532722473
6.701814615007357,-0.937173068523407
6.709171162334478,-0.9841745495796204
6.716527709661598,-0.9620543718338013
6.72388425698872,-0.9453983306884766
6.731240804315841,-0.920344352722168
6.738597351642962,-0.9114093780517578
6.745953898970083,-0.9964951276779175
6.7533104462972045,-0.9794555306434631
6.7606669936243255,-0.9103438258171082
6.768023540951447,-0.937173068523407
6.775380088278568,-0.9295089840888977
6.782736635605689,-0.9168339967727661
6.79009318293281,-0.9374629855155945
6.797449730259932,-0.9271618127822876
6.804806277587052,-0.9647365808486938
6.812162824914173,-0.9800251722335815
6.819519372241294,-0.96817946434021
6.826875919568416,-0.9794555306434631
6.8342324668955365,-0.9609999656677246
6.841589014222658,-0.9502764940261841
6.84894556154978,-0.9484046101570129
6.856302108876901,-1.002435326576233
6.863658656204022,-1.066065788269043
6.871015203531142,-0.9208841919898987
6.878371750858264,-0.8998076319694519
6.885728298185385,-1.0176769495010376
6.893084845512506,-0.9870594143867493
6.900441392839627,-0.991804301738739
6.907797940166748,-0.9472782015800476
6.9151544874938695,-0.9782468676567078
6.922511034820991,-1.0556198358535767
6.929867582148112,-0.9194979667663574
6.937224129475233,-0.9168339967727661
6.944580676802354,-0.9669636487960815
6.951937224129476,-0.926837682723999
6.959293771456596,-0.9810819029808044
6.966650318783717,-0.9575295448303223
6.974006866110838,-0.959902286529541
6.98136341343796,-1.0129528045654297
6.9887199607650805,-0.9515636563301086
6.996076508092202,-0.9356587529182434
7.003433055419324,-0.9657784104347229
7.010789602746445,-0.9735050201416016
7.018146150073565,-0.9835785627365112
7.025502697400686,-0.982060432434082
7.032859244727808,-1.0072365999221802
7.040215792054929,-0.9788381457328796
7.04757233938205,-0.9543033242225647
7.054928886709171,-1.0346999168395996
7.062285434036292,-1.0305569171905518
7.0696419813634135,-0.9729053974151611
7.076998528690535,-0.974717378616333
7.084355076017656,-0.9156383275985718
7.091711623344777,-0.9650447368621826
7.099068170671898,-1.0072365999221802
7.10642471799902,-0.9008934497833252
7.11378126532614,-0.9528033137321472
7.121137812653261,-0.9647365808486938
7.128494359980382,-0.9197959303855896
7.135850907307504,-0.991804301738739
7.1432074546346245,-0.9315152168273926
7.150564001961746,-0.949856162071228
7.157920549288868,-1.0120056867599487
7.165277096615989,-0.92804354429245
7.172633643943109,-0.9811297059059143
7.17999019127023,-0.9696560502052307
7.187346738597352,-0.9262153506278992
7.194703285924473,-0.9722884297370911
7.202059833251593,-0.8956165313720703
7.209416380578714,-0.9249362945556641
7.216772927905836,-0.9964951276779175
7.2241294752329575,-0.9575295448303223
7.2314860225600786,-0.9687744379043579
7.2388425698872,-0.926837682723999
7.246199117214321,-0.9800251722335815
7.253555664541442,-1.0637823343276978
7.260912211868563,-0.9374629855155945
7.268268759195684,-0.9515636563301086
7.275625306522805,-0.9729053974151611
7.282981853849926,-0.8962453007698059
7.290338401177048,-0.9857625961303711
7.297694948504168,-0.9553482532501221
7.3050514958312895,-0.8880922794342041
7.312408043158411,-0.9699557423591614
7.319764590485533,-0.9411678314208984
7.327121137812653,-0.9557298421859741
7.334477685139774,-1.0268093347549438
7.341834232466896,-0.9449695348739624
7.349190779794017,-0.9156383275985718
7.356547327121137,-0.9214110970497131
7.363903874448258,-0.9097959995269775
7.37126042177538,-0.9480883479118347
7.378616969102501,-0.9697037935256958
7.385973516429622,-0.989231288433075
7.393330063756744,-0.9965518116950989
7.400686611083865,-0.9616074562072754
7.408043158410986,-0.9788381457328796
7.415399705738107,-0.9400856494903564
7.422756253065228,-0.9139205813407898
7.430112800392349,-0.9652227163314819
7.43746934771947,-0.9380601644515991
7.444825895046592,-0.9486818909645081
7.452182442373712,-0.9987173080444336
7.4595389897008335,-0.9255844354629517
7.466895537027955,-0.9380601644515991
7.474252084355077,-0.9679015874862671
7.481608631682197,-0.9356587529182434
7.488965179009318,-0.959902286529541
7.49632172633644,-0.9355939030647278
7.503678273663561,-0.9336559176445007
7.511034820990681,-0.9876904487609863
7.518391368317802,-0.9672893285751343
7.525747915644924,-0.9800251722335815
7.533104462972045,-1.0028494596481323
7.540461010299166,-0.9492928385734558
7.547817557626288,-0.9086315035820007
7.555174104953409,-0.9308795928955078
7.56253065228053,-0.949856162071228
7.56988719960765,-0.9333445429801941
7.577243746934772,-0.9543423056602478
7.584600294261893,-0.9889135360717773
7.591956841589014,-0.9590303301811218
7.599313388916135,-0.975756049156189
7.606669936243256,-1.0227357149124146
7.6140264835703775,-0.9696560502052307
7.621383030897499,-0.9445710778236389
7.628739578224621,-0.9486818909645081
7.63609612555174,-0.9521878361701965
7.643452672878863,-0.9832914471626282
7.650809220205984,-0.9219251275062561
7.658165767533105,-0.9308968782424927
7.665522314860225,-1.0578835010528564
7.672878862187346,-1.0059324502944946
7.680235409514467,-0.9271618127822876
7.6875919568415885,-0.9534015655517578
7.6949485041687105,-0.9065529704093933
7.702305051495832,-0.9139205813407898
7.709661598822953,-0.9776381850242615
7.717018146150074,-0.9584447145462036
7.724374693477194,-0.9475207924842834
7.731731240804315,-0.9593340158462524
7.739087788131436,-0.9557298421859741
7.746444335458559,-0.9710590243339539
7.753800882785679,-0.9462515711784363
7.7611574301128,-0.9696560502052307
7.7685139774399214,-0.9895055294036865
7.7758705247670425,-0.890286922454834
7.783227072094163,-0.9218387007713318
7.790583619421284,-0.9472002387046814
7.797940166748407,-0.882818877696991
7.805296714075528,-0.9663341045379639
7.812653261402648,-0.9817255735397339
7.820009808729769,-0.9333445429801941
7.82736635605689,-0.9525172114372253
7.834722903384011,-0.9224520921707153
7.842079450711132,-0.9496178030967712
7.849435998038254,-0.9861107468605042
7.8567925453653755,-0.97609943151474
7.864149092692497,-0.9631696939468384
7.871505640019618,-0.9262153506278992
7.878862187346738,-0.9924313426017761
7.886218734673859,-1.0100157260894775
7.89357528200098,-0.937778890132904
7.900931829328103,-0.9539954662322998
7.908288376655223,-0.9653920531272888
7.915644923982344,-1.0058059692382812
7.923001471309465,-1.0167641639709473
7.9303580186365865,-0.9286314249038696
7.937714565963707,-0.942206859588623
7.945071113290828,-0.9788381457328796
7.952427660617951,-0.966668426990509
7.959784207945072,-1.021569013595581
7.967140755272192,-0.9873945116996765
7.974497302599313,-0.9180384874343872
7.981853849926434,-0.9859192371368408
7.989210397253555,-1.0072365999221802
7.996566944580676,-0.9669636487960815
8.003923491907798,-0.9883084893226624
8.011280039234919,-0.9936594367027283
8.01863658656204,-0.9468753337860107
8.02599313388916,-0.935291051864624
8.033349681216283,-0.9889135360717773
8.040706228543403,-0.999000608921051
8.048062775870523,-0.9395273327827454
8.055419323197647,-0.9546067714691162
8.062775870524767,-0.9496178030967712
8.07013241785189,-0.8980628848075867
8.07748896517901,-0.9292410016059875
8.08484551250613,-0.9459527134895325
8.092202059833252,-0.9308795928955078
8.099558607160372,-1.0069355964660645
8.106915154487494,-0.9901236891746521
8.114271701814616,-0.9298030138015747
8.121628249141736,-0.9468753337860107
8.128984796468858,-0.9468753337860107
8.136341343795978,-0.9870594143867493
8.143697891123098,-0.9656959176063538
8.15105443845022,-0.9055957794189453
8.158410985777342,-0.9255844354629517
8.165767533104463,-0.8930933475494385
8.173124080431585,-0.9406353831291199
8.180480627758705,-0.9776381850242615
8.187837175085827,-0.9262153506278992
8.195193722412947,-0.9797251224517822
8.202550269740067,-0.9162123799324036
8.209906817067191,-0.8872146010398865
8.217263364394311,-0.9816646575927734
8.224619911721433,-0.9643502235412598
8.231976459048553,-0.9392589330673218
8.239333006375674,-0.9289383888244629
8.246689553702796,-0.9380601644515991
8.254046101029916,-0.9782468676567078
8.261402648357038,-0.9589826464653015
8.26875919568416,-0.9465851187705994
8.27611574301128,-0.882818877696991
8.283472290338402,-0.885012149810791
8.290828837665522,-0.9584447145462036
8.298185384992642,-0.9462515711784363
8.305541932319764,-0.9449695348739624
8.312898479646886,-0.9569137096405029
8.320255026974007,-0.9575295448303223
8.327611574301129,-0.9303563833236694
8.334968121628249,-0.9474904537200928
8.34232466895537,-0.9650447368621826
8.349681216282491,-0.9442636370658875
8.357037763609611,-0.991804301738739
8.364394310936735,-1.0082311630249023
8.371750858263855,-1.0004867315292358
8.379107405590975,-0.9895055294036865
8.386463952918097,-0.9359140396118164
8.393820500245218,-0.9515636563301086
8.40117704757234,-0.9333445429801941
8.40853359489946,-0.9372466802597046
8.415890142226582,-0.9569137096405029
8.423246689553704,-0.8971841931343079
8.430603236880824,-0.9693867564201355
8.437959784207946,-0.9876904487609863
8.445316331535066,-0.9504108428955078
8.452672878862186,-0.9864153265953064
8.460029426189308,-0.9368485808372498
8.46738597351643,-0.9909595847129822
8.47474252084355,-1.0096971988677979
8.482099068170672,-0.9380601644515991
8.489455615497793,-0.9954452514648438
8.496812162824915,-0.9938074946403503
8.504168710152035,-0.9575295448303223
8.511525257479155,-0.9731226563453674
8.518881804806279,-0.9492928385734558
8.526238352133399,-0.9581324458122253
8.53359489946052,-0.9587223529815674
8.540951446787641,-0.930066704750061
8.548307994114761,-0.9314243793487549
8.555664541441883,-0.9587223529815674
8.563021088769004,-0.9779642820358276
8.570377636096126,-0.97051602602005
8.577734183423248,-0.9819125533103943
8.585090730750368,-0.9687744379043579
8.592447278077488,-0.9299283623695374
8.59980382540461,-0.9562892317771912
8.60716037273173,-0.9348108768463135
8.614516920058852,-0.8942558169364929
8.621873467385974,-0.9286314249038696
8.629230014713094,-0.974717378616333
8.636586562040216,-1.005539894104004
8.643943109367337,-0.9392589330673218
8.651299656694459,-0.9180384874343872
8.658656204021579,-1.0114513635635376
8.666012751348699,-0.9782468676567078
8.673369298675823,-0.9155821800231934
8.680725846002943,-0.9403756856918335
8.688082393330063,-0.9876904487609863
8.695438940657185,-1.0113422870635986
8.702795487984305,-0.9604576230049133
8.710152035311427,-0.9521878361701965
8.717508582638548,-0.9663341045379639
8.72486512996567,-0.964042067527771
8.732221677292792,-1.0002164840698242
8.739578224619912,-0.9256449341773987
8.746934771947032,-0.9000661373138428
8.754291319274154,-1.0044671297073364
8.761647866601274,-0.9912556409835815
8.769004413928396,-0.9496178030967712
8.776360961255518,-0.9303563833236694
8.783717508582638,-0.9501205086708069
8.79107405590976,-0.999000608921051
8.79843060323688,-0.970220685005188
8.805787150564003,-0.9572389721870422
8.813143697891123,-0.9581324458122253
8.820500245218243,-0.949856162071228
8.827856792545367,-0.9788381457328796
8.835213339872487,-0.9506665468215942
8.842569887199607,-0.9286314249038696
8.84992643452673,-0.9559900164604187
8.85728298185385,-0.9715933203697205
8.864639529180971,-0.9928624629974365
8.871996076508092,-0.9289383888244629
8.879352623835214,-0.9097959995269775
8.886709171162336,-0.974717378616333
8.894065718489456,-0.9551748037338257
8.901422265816576,-0.9788381457328796
8.908778813143698,-0.9502764940261841
8.916135360470818,-0.9292410016059875
8.92349190779794,-1.0423916578292847
8.93084845512506,-0.9886305928230286
8.938205002452182,-0.9501205086708069
8.945561549779304,-1.0088157653808594
8.952918097106425,-0.9572389721870422
8.960274644433545,-0.9601669311523438
8.967631191760667,-0.9362255334854126
8.974987739087787,-0.92804354429245
8.982344286414909,-1.026595115661621
8.989700833742031,-0.9534015655517578
8.997057381069151,-0.9074498414993286
9.004413928396273,-0.9864153265953064
9.011770475723393,-1.0105873346328735
9.019127023050515,-1.0195682048797607
9.026483570377636,-0.9509525895118713
9.033840117704756,-0.949856162071228
9.04119666503188,-0.9917999505996704
9.048553212359,-0.9285925626754761
9.05590975968612,-0.9192302227020264
9.063266307013242,-0.8992518782615662
9.070622854340362,-0.9355939030647278
9.077979401667484,-0.9924313426017761
9.085335948994604,-0.8992518782615662
9.092692496321726,-0.8833993673324585
9.100049043648848,-0.9255844354629517
9.107405590975969,-0.9346421360969543
9.114762138303089,-0.9515636563301086
9.12211868563021,-0.9286314249038696
9.129475232957331,-0.9478110671043396
9.136831780284453,-0.935291051864624
9.144188327611575,-0.9027507901191711
9.151544874938695,-0.9230569005012512
9.158901422265817,-0.9456148743629456
9.166257969592937,-0.9480883479118347
9.17361451692006,-0.9092352986335754
9.18097106424718,-0.9446620345115662
9.1883276115743,-0.9924313426017761
9.195684158901424,-0.9593340158462524
9.203040706228544,-0.9669636487960815
9.210397253555664,-0.9480883479118347
9.217753800882786,-0.9741002917289734
9.225110348209906,-1.016209602355957
9.232466895537028,-0.9156383275985718
9.239823442864148,-0.9125785827636719
9.24717999019127,-0.9751041531562805
9.254536537518392,-0.9566187858581543
9.261893084845513,-0.9405964016914368
9.269249632172633,-0.9097959995269775
9.276606179499755,-0.9562892317771912
9.283962726826875,-0.9924313426017761
9.291319274153997,-0.9504108428955078
9.298675821481119,-0.9754474759101868
9.30603236880824,-0.9274470806121826
9.313388916135361,-0.8862767815589905
9.320745463462481,-0.9415618181228638
9.328102010789602,-0.935291051864624
9.335458558116724,-0.9449695348739624
9.342815105443844,-0.9575295448303223
9.350171652770968,-0.9045352935791016
9.357528200098088,-0.9142874479293823
9.364884747425208,-0.9486299157142639
9.37224129475233,-0.9770252704620361
9.37959784207945,-0.9977717399597168
9.386954389406572,-0.9823518991470337
9.394310936733692,-0.9873945116996765
9.401667484060814,-0.9630264639854431
9.409024031387936,-0.9159188866615295
9.416380578715057,-0.9472002387046814
9.423737126042177,-0.9931063055992126
9.431093673369299,-0.9971399903297424
9.438450220696419,-0.992135226726532
9.445806768023541,-0.9837307929992676
9.453163315350663,-0.9186257123947144
9.460519862677783,-0.9292410016059875
9.467876410004905,-0.9958416819572449
9.475232957332025,-0.944311261177063
9.482589504659146,-0.9239727854728699
9.489946051986268,-0.9622322916984558
9.497302599313388,-0.9468753337860107
9.504659146640511,-0.9142874479293823
9.512015693967632,-0.9380601644515991
9.519372241294752,-0.9593340158462524
9.526728788621874,-0.9168339967727661
9.534085335948994,-0.9146326780319214
9.541441883276114,-0.9623321294784546
9.548798430603236,-0.9823214411735535
9.556154977930358,-0.9630264639854431
9.56351152525748,-0.9553482532501221
9.5708680725846,-0.9543033242225647
9.57822461991172,-0.898648738861084
9.585581167238843,-0.9225730299949646
9.592937714565963,-0.9676496982574463
9.600294261893085,-0.9097959995269775
9.607650809220207,-0.9303563833236694
9.615007356547327,-0.9468753337860107
9.622363903874449,-0.9127382636070251
9.62972045120157,-0.984422504901886
9.63707699852869,-0.9801164865493774
9.644433545855811,-0.9236142039299011
9.651790093182932,-0.963712215423584
9.659146640510055,-0.9787685871124268
9.666503187837176,-1.008488655090332
9.673859735164296,-1.0132452249526978
9.681216282491418,-0.944311261177063
9.688572829818538,-0.9049534201622009
9.695929377145658,-0.9168339967727661
9.70328592447278,-0.9575295448303223
9.710642471799902,-0.9572389721870422
9.717999019127024,-0.9174427390098572
9.725355566454144,-0.9365586638450623
9.732712113781265,-0.95367032289505
9.740068661108387,-0.9543423056602478
9.747425208435507,-0.9977717399597168
9.754781755762629,-1.0005913972854614
9.76213830308975,-0.9436400532722473
9.769494850416871,-0.92804354429245
9.776851397743993,-0.9103438258171082
9.784207945071113,-0.900897741317749
9.791564492398233,-0.952985405921936
9.798921039725355,-0.9797686338424683
9.806277587052476,-0.9596593379974365
9.8136341343796,-0.9255844354629517
9.82099068170672,-0.9262153506278992
9.82834722903384,-0.9676496982574463
9.835703776360962,-0.9449695348739624
9.843060323688082,-0.9593340158462524
9.850416871015202,-0.9543423056602478
9.857773418342324,-0.9429559111595154
9.865129965669446,-1.044240117073059
9.872486512996568,-0.9968393445014954
9.879843060323688,-0.926837682723999
9.887199607650809,-0.9669636487960815
9.89455615497793,-0.9061476588249207
9.90191270230505,-0.9633910059928894
9.909269249632171,-1.023067831993103
9.916625796959295,-0.9289124011993408
9.923982344286415,-0.9547064900398254
9.931338891613537,-0.9496178030967712
9.938695438940657,-0.9259214997291565
9.946051986267777,-0.9597808122634888
9.9534085335949,-0.9222447872161865
9.96076508092202,-0.9737657308578491
9.968121628249142,-0.9429559111595154
9.975478175576264,-0.8629196882247925
9.982834722903384,-0.9609696269035339
9.990191270230506,-0.9427697062492371
9.997547817557626,-0.9097959995269775
10.004904364884746,-0.9609001874923706
10.012260912211868,-0.899294912815094
10.01961745953899,-0.9474904537200928
10.026974006866112,-0.9690306186676025
10.034330554193232,-0.898648738861084
10.041687101520353,-1.0078691244125366
10.049043648847475,-0.9632217884063721
10.056400196174595,-0.8819804191589355
10.063756743501715,-0.9737657308578491
10.071113290828839,-0.9679493308067322
10.078469838155959,-0.9282337427139282
10.085826385483081,-0.885653018951416
10.093182932810201,-0.9008632302284241
10.100539480137321,-0.952985405921936
10.107896027464443,-0.9062252640724182
10.115252574791564,-0.9964951276779175
10.122609122118686,-0.9754474759101868
10.129965669445808,-0.885012149810791
10.137322216772928,-0.9948571920394897
10.14467876410005,-0.980120837688446
10.15203531142717,-0.9365586638450623
10.15939185875429,-0.9456148743629456
10.166748406081412,-0.9068418145179749
10.174104953408534,-0.9669636487960815
10.181461500735656,-0.9619545936584473
10.188818048062776,-0.9650447368621826
10.196174595389897,-0.9760950803756714
10.203531142717019,-0.912941038608551
10.210887690044139,-0.9776381850242615
10.218244237371259,-0.9653920531272888
10.225600784698383,-0.9292669296264648
10.232957332025503,-0.9480883479118347
10.240313879352625,-0.8943247199058533
10.247670426679745,-0.9546934962272644
10.255026974006865,-1.0075725317001343
10.262383521333987,-0.9249362945556641
10.269740068661108,-0.9492928385734558
10.277096615988228,-1.0242915153503418
10.284453163315352,-0.9543423056602478
10.291809710642472,-0.9074498414993286
10.299166257969594,-0.9569137096405029
10.306522805296714,-0.9346421360969543
10.313879352623834,-0.9992446303367615
10.321235899950956,-1.0327966213226318
10.328592447278076,-0.9165447950363159
10.335948994605198,-0.9776381850242615
10.34330554193232,-0.9747912287712097
10.35066208925944,-0.8962453007698059
10.358018636586563,-0.9630264639854431
10.365375183913683,-0.937173068523407
10.372731731240803,-0.9403756856918335
10.380088278567925,-0.9992446303367615
10.387444825895047,-0.9305769205093384
10.394801373222169,-0.9049534201622009
10.40215792054929,-0.9136185050010681
10.40951446787641,-0.9687744379043579
10.416871015203531,-0.9951751828193665
10.424227562530652,-0.9482659697532654
10.431584109857772,-0.9817255735397339
10.438940657184895,-0.9453116655349731
10.446297204512016,-0.9174427390098572
10.453653751839138,-0.9630264639854431
10.461010299166258,-0.9315454959869385
10.468366846493378,-0.9758430123329163
10.4757233938205,-0.9433672428131104
10.48307994114762,-0.8737548589706421
10.490436488474742,-1.0126210451126099
10.497793035801864,-0.9983904957771301
10.505149583128985,-0.9065529704093933
10.512506130456106,-1.0012452602386475
10.519862677783227,-0.9763950109481812
10.527219225110347,-0.944311261177063
10.534575772437469,-0.9769948720932007
10.54193231976459,-0.9362255334854126
10.549288867091711,-0.9572389721870422
10.556645414418833,-0.9449695348739624
10.564001961745953,-0.9575295448303223
10.571358509073075,-1.0059324502944946
10.578715056400195,-0.9222447872161865
10.586071603727316,-0.9195756912231445
10.59342815105444,-0.9720060229301453
10.60078469838156,-0.9870594143867493
10.608141245708682,-1.0072365999221802
10.615497793035802,-0.9459527134895325
10.622854340362922,-0.933621346950531
10.630210887690044,-0.9546934962272644
10.637567435017164,-0.9255844354629517
10.644923982344286,-0.9754474759101868
10.652280529671408,-0.9569137096405029
10.659637076998528,-0.9472002387046814
10.66699362432565,-1.0093393325805664
10.67435017165277,-0.9449695348739624
10.68170671897989,-0.9386487007141113
10.689063266307013,-0.974439263343811
10.696419813634135,-0.952985405921936
10.703776360961255,-0.9619415402412415
10.711132908288377,-0.9509265422821045
10.718489455615497,-0.9653920531272888
10.72584600294262,-1.0065910816192627
10.73320255026974,-0.942263126373291
10.74055909759686,-0.9136185050010681
10.747915644923983,-0.9543423056602478
10.755272192251104,-0.9616204500198364
10.762628739578226,-1.0244706869125366
10.769985286905346,-0.9958416819572449
10.777341834232466,-0.9162123799324036
10.784698381559588,-0.9703683853149414
10.792054928886708,-0.9411808252334595
10.79941147621383,-0.9289124011993408
10.806768023540952,-0.9898407459259033
10.814124570868072,-0.9329423308372498
10.821481118195194,-0.9436400532722473
10.828837665522315,-0.9808644652366638
10.836194212849435,-0.9569137096405029
10.843550760176557,-0.9876904487609863
10.850907307503679,-0.948642909526825
10.858263854830799,-0.9616074562072754
10.865620402157921,-0.999000608921051
10.872976949485041,-0.9475727677345276
10.880333496812163,-0.9790902733802795
10.887690044139283,-0.963712215423584
10.895046591466404,-0.9218387007713318
10.902403138793527,-0.944311261177063
10.909759686120648,-0.9118839502334595
10.917116233447768,-0.9593340158462524
10.92447278077489,-0.9914994835853577
10.93182932810201,-0.9301056265830994
10.939185875429132,-0.9905024766921997
10.946542422756252,-0.9697037935256958
10.953898970083374,-0.8949792385101318
10.961255517410496,-0.9556517601013184
10.968612064737616,-0.935291051864624
10.975968612064738,-0.9174427390098572
10.983325159391859,-0.9776381850242615
10.990681706718979,-0.9537180066108704
10.9980382540461,-0.9478110671043396
11.005394801373223,-0.9650447368621826
11.012751348700343,-0.9817255735397339
11.020107896027465,-0.9968393445014954
11.027464443354585,-0.9891616106033325
11.034820990681707,-0.9931063055992126
11.042177538008827,-0.979716420173645
11.049534085335948,-0.9698210954666138
11.056890632663071,-0.9436400532722473
11.064247179990192,-0.885012149810791
11.071603727317312,-0.9052940011024475
11.078960274644434,-0.95367032289505
11.086316821971554,-0.9142874479293823
11.093673369298676,-0.8872146010398865
11.101029916625796,-0.9751041531562805
11.108386463952918,-1.0143628120422363
11.11574301128004,-0.975756049156189
11.12309955860716,-1.0103734731674194
11.13045610593428,-0.9895229339599609
11.137812653261403,-0.9349492788314819
11.145169200588523,-0.9533495306968689
11.152525747915645,-0.9737657308578491
11.159882295242767,-0.9730792045593262
11.167238842569887,-0.8994112610816956
11.174595389897009,-0.926837682723999
11.18195193722413,-0.9964123964309692
11.189308484551251,-0.9229359030723572
11.196665031878371,-0.9593340158462524
11.204021579205492,-1.0261492729187012
11.211378126532615,-1.0106877088546753
11.218734673859736,-1.0403815507888794
11.226091221186856,-0.9830304384231567
11.233447768513978,-0.9418951272964478
11.240804315841098,-0.9951751828193665
11.24816086316822,-0.9823214411735535
11.25551741049534,-1.0024745464324951
11.262873957822462,-1.0139917135238647
11.270230505149584,-0.9355939030647278
11.277587052476704,-0.9569137096405029
11.284943599803825,-0.9622322916984558
11.292300147130947,-0.9042981863021851
11.299656694458067,-0.946147620677948
11.307013241785189,-0.9616074562072754
11.31436978911231,-1.0065910816192627
11.321726336439431,-1.0219491720199585
11.329082883766553,-0.9446620345115662
11.336439431093673,-0.9623321294784546
11.343795978420795,-0.9693911075592041
11.351152525747915,-1.0022261142730713
11.358509073075036,-0.9823214411735535
11.36586562040216,-0.8604960441589355
11.37322216772928,-0.9446620345115662
11.3805787150564,-0.9401159286499023
11.387935262383522,-0.9097959995269775
11.395291809710642,-1.0603716373443604
11.402648357037764,-0.9508658647537231
11.410004904364884,-0.9346421360969543
11.417361451692006,-1.0194414854049683
11.424717999019128,-0.9033197164535522
11.432074546346248,-0.9864153265953064
11.439431093673369,-0.9931063055992126
11.44678764100049,-0.885012149810791
11.45414418832761,-1.0022261142730713
11.461500735654733,-0.9992446303367615
11.468857282981855,-0.9459527134895325
11.476213830308975,-1.014685869216919
11.483570377636097,-0.9927318096160889
11.490926924963217,-0.9643849730491638
11.498283472290337,-0.9877731204032898
11.50564001961746,-1.0349230766296387
11.51299656694458,-1.0143628120422363
11.520353114271703,-0.9015742540359497
11.527709661598823,-0.9569137096405029
11.535066208925944,-1.0214554071426392
11.542422756253066,-0.9501378536224365
11.549779303580186,-1.0064994096755981
11.557135850907308,-1.0180437564849854
11.564492398234428,-0.9630264639854431
11.57184894556155,-0.9881039261817932
11.579205492888672,-0.9329423308372498
11.586562040215792,-0.9429559111595154
11.593918587542912,-1.0139917135238647
11.601275134870034,-0.9349492788314819
11.608631682197155,-0.9082433581352234
11.615988229524277,-0.9531847834587097
11.623344776851399,-0.9616204500198364
11.630701324178519,-0.9751041531562805
11.63805787150564,-0.952985405921936
11.645414418832761,-0.9754474759101868
11.652770966159881,-0.9958416819572449
11.660127513487003,-0.9515853524208069
11.667484060814123,-0.9556517601013184
11.674840608141245,-0.9239727854728699
11.682197155468367,-0.8947208523750305
11.689553702795488,-0.9698210954666138
11.69691025012261,-1.0208088159561157
11.70426679744973,-0.9784033298492432
11.711623344776852,-0.9415618181228638
11.718979892103972,-0.9508658647537231
11.726336439431092,-0.9623321294784546
11.733692986758216,-0.9519971013069153
11.741049534085336,-0.95367032289505
11.748406081412456,-0.9359313249588013
11.755762628739578,-0.8971454501152039
11.763119176066699,-0.9111807346343994
11.77047572339382,-0.9278576970100403
11.77783227072094,-0.9107795357704163
11.785188818048063,-0.9643849730491638
11.792545365375185,-1.003193974494934
11.799901912702305,-0.9325746893882751
11.807258460029425,-0.9497478008270264
11.814615007356547,-0.9862195253372192
11.821971554683667,-0.9594294428825378
11.82932810201079,-0.9493968486785889
11.836684649337911,-0.9149391055107117
11.844041196665032,-0.9302353262901306
11.851397743992154,-0.9582712650299072
11.858754291319274,-0.9730792045593262
11.866110838646394,-1.001014232635498
11.873467385973516,-0.9785903096199036
11.880823933300636,-0.9723796844482422
11.88818048062776,-0.9616204500198364
11.89553702795488,-0.9368485808372498
11.902893575282,-1.0284271240234375
11.910250122609122,-0.9964951276779175
11.917606669936243,-0.9062252640724182
11.924963217263365,-0.9207589626312256
11.932319764590485,-0.8990192413330078
11.939676311917607,-0.9553482532501221
11.947032859244729,-0.99794602394104
11.954389406571849,-0.9404579401016235
11.96174595389897,-1.0267088413238525
11.969102501226091,-0.9995017647743225
11.976459048553211,-0.883029580116272
11.983815595880333,-0.9740351438522339
11.991172143207455,-0.9923921227455139
11.998528690534576,-0.9329423308372498
12.005885237861698,-0.9458963871002197
12.013241785188818,-0.9193727374076843
12.020598332515938,-0.9457620978355408
12.02795487984306,-0.9616204500198364
12.03531142717018,-0.9543423056602478
12.042667974497304,-0.9694693088531494
12.050024521824424,-0.926124632358551
12.057381069151544,-0.9222447872161865
12.064737616478666,-0.9174599647521973
12.072094163805787,-0.9231519103050232
12.079450711132907,-1.0091779232025146
12.086807258460029,-0.9755387306213379
12.09416380578715,-0.9672719240188599
12.101520353114273,-0.9594294428825378
12.108876900441393,-0.8923055529594421
12.116233447768513,-0.9716715216636658
12.123589995095635,-1.0063729286193848
12.130946542422755,-0.968344509601593
12.138303089749877,-0.975756049156189
12.145659637077,-0.9239122867584229
12.15301618440412,-0.9758821129798889
12.160372731731242,-0.9812123775482178
12.167729279058362,-0.8688206672668457
12.175085826385482,-0.9826563596725464
12.182442373712604,-1.0632247924804688
12.189798921039724,-0.9823214411735535
12.197155468366848,-0.9709504246711731
12.204512015693968,-0.9301056265830994
12.211868563021088,-0.94541996717453
12.21922511034821,-0.9856016039848328
12.22658165767533,-0.9456148743629456
12.23393820500245,-1.003193974494934
12.241294752329573,-0.9894227981567383
12.248651299656695,-0.9439951181411743
12.256007846983817,-0.9755387306213379
12.263364394310937,-0.9004840850830078
12.270720941638057,-0.9342917799949646
12.27807748896518,-0.99794602394104
12.2854340362923,-0.9331542253494263
12.292790583619421,-0.9727098941802979
12.300147130946543,-0.9609001874923706
12.307503678273664,-0.952985405921936
12.314860225600786,-0.9705594778060913
12.322216772927906,-0.8665370345115662
12.329573320255026,-0.9554479718208313
12.336929867582148,-1.0164629220962524
12.344286414909268,-0.8632800579071045
12.351642962236392,-0.930832028388977
12.358999509563512,-0.9870768189430237
12.366356056890632,-0.9187465906143188
12.373712604217754,-0.9916692972183228
12.381069151544875,-0.9597808122634888
12.388425698871995,-0.9027852416038513
12.395782246199117,-0.9844529628753662
12.403138793526239,-0.9429559111595154
12.41049534085336,-0.8982653617858887
12.417851888180481,-0.9403799772262573
12.425208435507601,-0.9278576970100403
12.432564982834723,-0.9723796844482422
12.439921530161843,-0.9801164865493774
12.447278077488964,-0.9716715216636658
12.454634624816087,-1.0028146505355835
12.461991172143208,-0.9127598404884338
12.46934771947033,-0.937454342842102
12.47670426679745,-0.9740351438522339
12.48406081412457,-0.9008632302284241
12.491417361451692,-0.9626575708389282
12.498773908778812,-0.9679493308067322
12.506130456105934,-0.9493968486785889
12.513487003433056,-0.9662212133407593
12.520843550760176,-0.9254634380340576
12.528200098087298,-0.9909334778785706
12.535556645414418,-0.9747912287712097
12.542913192741539,-0.9382981657981873
12.55026974006866,-0.99794602394104
12.557626287395783,-0.8950653076171875
12.564982834722905,-0.9125785827636719
12.572339382050025,-1.012909173965454
12.579695929377145,-0.920106828212738
12.587052476704267,-0.9342917799949646
12.594409024031387,-0.9793598651885986
12.601765571358508,-0.9370908737182617
12.609122118685631,-0.9482443332672119
12.616478666012751,-0.923834502696991
12.623835213339873,-0.947897732257843
12.631191760666994,-1.02004873752594
12.638548307994114,-0.9954714179039001
12.645904855321236,-1.0009400844573975
12.653261402648356,-1.0103516578674316
12.660617949975478,-1.0164629220962524
12.6679744973026,-1.0492749214172363
12.67533104462972,-1.0840200185775757
12.682687591956842,-1.1111183166503906
12.690044139283962,-1.0874401330947876
12.697400686611083,-1.111881971359253
12.704757233938205,-1.1838735342025757
12.712113781265327,-1.1589932441711426
12.719470328592449,-1.1448445320129395
12.726826875919569,-1.1410075426101685
12.734183423246689,-1.0866036415100098
12.741539970573811,-1.103074312210083
12.748896517900931,-1.1380932331085205
12.756253065228051,-1.1221174001693726
12.763609612555175,-1.1653209924697876
12.770966159882295,-1.2854198217391968
12.778322707209417,-1.404539942741394
12.785679254536538,-1.5933024883270264
12.793035801863658,-1.878649353981018
12.80039234919078,-2.286916494369507
12.8077488965179,-2.990177869796753
12.815105443845022,-3.886964797973633
12.822461991172144,-5.012009620666504
12.829818538499264,-6.379543304443359
12.837175085826386,-7.819705009460449
12.844531633153506,-9.764639854431152
12.851888180480627,-12.01938533782959
12.859244727807749,-14.293388366699219
12.86660127513487,-17.278535842895508
12.87395782246199,-20.503284454345703
12.881314369789113,-24.08180046081543
12.888670917116233,-29.283126831054688
12.896027464443355,-32.22313690185547
12.903384011770475,-32.443016052246094
12.910740559097595,-37.05515670776367
12.91809710642472,-42.519386291503906
12.92545365375184,-45.70002365112305
12.932810201078961,-52.689720153808594
12.940166748406082,-54.4431266784668
12.947523295733202,-44.116397857666016
12.954879843060324,-46.66911697387695
12.962236390387444,-41.82612228393555
12.969592937714566,-42.992469787597656
12.976949485041688,-45.70002365112305
12.984306032368808,-47.638221740722656
12.99166257969593,-43.28125
12.99901912702305,-46.351890563964844
13.00637567435017,-41.82612228393555
13.013732221677293,-40.00899887084961
13.021088769004413,-44.78621292114258
13.028445316331535,-49.50995635986328
13.035801863658657,-45.70002365112305
13.043158410985777,-49.50995635986328
13.050514958312899,-47.638221740722656
13.05787150564002,-50.136993408203125
13.06522805296714,-45.70002365112305
13.072584600294261,-44.2918701171875
13.079941147621383,-48.53998565673828
13.087297694948504,-43.09782028198242
13.094654242275626,-40.648521423339844
13.102010789602746,-50.136993408203125
13.109367336929868,-47.5159797668457
13.116723884256988,-37.611534118652344
13.124080431584108,-42.519386291503906
13.131436978911232,-43.658817291259766
13.138793526238352,-45.70002365112305
13.146150073565474,-48.390018463134766
13.153506620892594,-45.65160369873047
13.160863168219715,-49.679420471191406
13.168219715546837,-56.66912078857422
13.175576262873957,-47.8047981262207
13.182932810201079,-41.99798583984375
13.1902893575282,-37.07441711425781
13.197645904855321,-47.37493133544922
13.205002452182443,-42.04513931274414
13.212358999509563,-42.157737731933594
13.219715546836683,-47.12669372558594
13.227072094163805,-42.04513931274414
13.234428641490927,-62.1932487487793
13.241785188818048,-41.44635009765625
13.24914173614517,-54.4431266784668
13.25649828347229,-42.689720153808594
13.263854830799412,-47.8047981262207
13.271211378126532,-48.53998565673828
13.278567925453652,-42.689720153808594
13.285924472780776,-38.82469940185547
13.293281020107896,-44.686073303222656
13.300637567435018,-48.72537612915039
13.307994114762138,-43.551578521728516
13.315350662089259,-43.658817291259766
13.32270720941638,-44.116397857666016
13.3300637567435,-49.679420471191406
13.337420304070623,-44.6279182434082
13.344776851397745,-49.679420471191406
13.352133398724865,-42.689720153808594
13.359489946051987,-50.98832321166992
13.366846493379107,-50.136993408203125
13.374203040706227,-41.04618835449219
13.38155958803335,-47.0456428527832
13.388916135360471,-50.136993408203125
13.396272682687592,-59.679420471191406
13.403629230014714,-47.638221740722656
13.410985777341834,-44.05464172363281
13.418342324668956,-41.55028533935547
13.425698871996076,-46.66911697387695
13.433055419323196,-43.70528030395508
13.44041196665032,-37.866329193115234
13.44776851397744,-45.65160369873047
13.45512506130456,-50.136993408203125
13.462481608631682,-50.648521423339844
13.469838155958803,-40.13699722290039
13.477194703285925,-44.710411071777344
13.484551250613045,-51.43282699584961
13.491907797940167,-44.116397857666016
13.499264345267289,-44.6279182434082
13.506620892594409,-43.84300231933594
13.51397743992153,-50.00381088256836
13.521333987248651,-49.679420471191406
13.528690534575771,-45.70002365112305
13.536047081902893,-39.80241775512695
13.543403629230015,-40.541282653808594
13.550760176557135,-45.70002365112305
13.558116723884257,-41.46172332763672
13.565473271211378,-49.679420471191406
13.5728298185385,-43.28125
13.58018636586562,-51.65914535522461
13.58754291319274,-46.351890563964844
13.594899460519864,-47.37493133544922
13.602256007846984,-49.679420471191406
13.609612555174104,-55.497440338134766
13.616969102501226,-45.311580657958984
13.624325649828346,-41.82612228393555
13.631682197155468,-45.311580657958984
13.639038744482589,-41.99798583984375
13.64639529180971,-42.689720153808594
13.653751839136833,-65.20354461669922
13.661108386463953,-43.84300231933594
13.668464933791073,-47.37493133544922
13.675821481118195,-47.5159797668457
13.683178028445315,-41.50429153442383
13.690534575772437,-45.65160369873047
13.69789112309956,-50.648521423339844
13.70524767042668,-44.825843811035156
13.712604217753801,-44.497928619384766
13.719960765080922,-55.988929748535156
13.727317312408044,-49.679420471191406
13.734673859735164,-58.60638427734375
13.742030407062284,-41.28157424926758
13.749386954389408,-42.157737731933594
13.756743501716528,-44.6279182434082
13.764100049043648,-39.315093994140625
13.77145659637077,-48.53998565673828
13.77881314369789,-53.36470413208008
13.786169691025012,-59.679420471191406
13.793526238352133,-42.75269317626953
13.800882785679255,-47.37493133544922
13.808239333006377,-46.66911697387695
13.815595880333497,-41.35432815551758
13.822952427660617,-37.93547058105469
13.830308974987739,-43.551578521728516
13.83766552231486,-48.53998565673828
13.845022069641981,-41.04618835449219
13.852378616969103,-46.177345275878906
13.859735164296223,-47.8047981262207
13.867091711623345,-41.55028533935547
13.874448258950466,-47.562801361083984
13.881804806277588,-47.37493133544922
13.889161353604708,-49.679420471191406
13.896517900931828,-55.497440338134766
13.903874448258952,-43.551578521728516
13.911230995586072,-48.390018463134766
13.918587542913192,-53.36470413208008
13.925944090240314,-55.988929748535156
13.933300637567434,-46.925228118896484
13.940657184894556,-53.65882110595703
13.948013732221677,-45.65160369873047
13.955370279548799,-48.53998565673828
13.96272682687592,-45.70002365112305
13.97008337420304,-42.04513931274414
13.977439921530161,-44.2918701171875
13.984796468857283,-46.55858612060547
13.992153016184403,-45.311580657958984
13.999509563511525,-50.136993408203125
14.006866110838647,-45.52968978881836
14.014222658165767,-47.37493133544922
14.02157920549289,-50.648521423339844
14.02893575282001,-47.638221740722656
14.03629230014713,-47.37493133544922
14.043648847474252,-44.825843811035156
14.051005394801372,-52.689720153808594
14.058361942128496,-42.75269317626953
14.065718489455616,-43.551578521728516
14.073075036782736,-41.10609436035156
14.080431584109858,-50.648521423339844
14.087788131436978,-43.14729309082031
14.0951446787641,-39.81170654296875
14.10250122609122,-43.84300231933594
14.109857773418343,-65.20354461669922
14.117214320745465,-46.55858612060547
14.124570868072585,-50.136993408203125
14.131927415399705,-50.136993408203125
14.139283962726827,-36.11486053466797
14.146640510053947,-49.50995635986328
14.15399705738107,-37.93547058105469
14.161353604708191,-43.997398376464844
14.168710152035311,-42.157737731933594
14.176066699362433,-43.997398376464844
14.183423246689554,-41.55028533935547
14.190779794016674,-47.37493133544922
14.198136341343796,-45.52968978881836
14.205492888670916,-47.37493133544922
14.21284943599804,-44.08271408081055
14.22020598332516,-42.24448776245117
14.22756253065228,-45.52968978881836
14.234919077979402,-48.390018463134766
14.242275625306522,-41.82612228393555
14.249632172633644,-43.14729309082031
14.256988719960765,-45.52968978881836
14.264345267287887,-50.00381088256836
14.271701814615009,-44.36463165283203
14.279058361942129,-47.37493133544922
14.286414909269249,-65.20354461669922
14.293771456596371,-51.6190299987793
14.301128003923491,-42.777462005615234
14.308484551250613,-58.60638427734375
14.315841098577735,-43.944122314453125
14.323197645904855,-44.686073303222656
14.330554193231977,-47.5159797668457
14.337910740559098,-41.55028533935547
14.345267287886218,-50.00381088256836
14.35262383521334,-45.37971878051758
14.35998038254046,-47.5159797668457
14.367336929867584,-42.997947692871094
14.374693477194704,-44.36463165283203
14.382050024521824,-43.658817291259766
14.389406571848946,-46.351890563964844
14.396763119176066,-43.997398376464844
14.404119666503187,-44.36463165283203
14.411476213830309,-44.36463165283203
14.418832761157429,-56.66912078857422
14.426189308484552,-52.689720153808594
14.433545855811673,-50.98832321166992
14.440902403138793,-43.14729309082031
14.448258950465915,-43.997398376464844
14.455615497793035,-40.18552017211914
14.462972045120157,-48.53998565673828
14.470328592447277,-43.997398376464844
14.4776851397744,-48.53998565673828
14.485041687101521,-43.997398376464844
14.492398234428642,-43.551578521728516
14.499754781755762,-47.8047981262207
14.507111329082884,-51.65914535522461
14.514467876410004,-46.36378479003906
14.521824423737126,-43.70528030395508
14.529180971064248,-41.50429153442383
14.536537518391368,-45.05543899536133
14.54389406571849,-47.37493133544922
14.55125061304561,-40.385231018066406
14.55860716037273,-46.55858612060547
14.565963707699852,-44.36463165283203
14.573320255026973,-43.997398376464844
14.580676802354096,-47.638221740722656
14.588033349681217,-43.405975341796875
14.595389897008337,-45.78499984741211
14.602746444335459,-43.14729309082031
14.610102991662579,-46.66911697387695
14.6174595389897,-40.385231018066406
14.624816086316821,-46.177345275878906
14.632172633643943,-42.068260192871094
14.639529180971065,-40.41005325317383
14.646885728298185,-42.519386291503906
14.654242275625306,-47.8047981262207
14.661598822952428,-42.57493591308594
14.668955370279548,-59.679420471191406
14.67631191760667,-48.390018463134766
14.683668464933792,-56.66912078857422
14.691025012260912,-46.66911697387695
14.698381559588034,-45.52968978881836
14.705738106915154,-53.65882110595703
14.713094654242274,-52.689720153808594
14.720451201569396,-44.6279182434082
14.727807748896517,-44.36463165283203
14.73516429622364,-48.72537612915039
14.74252084355076,-45.52968978881836
14.74987739087788,-40.84526062011719
14.757233938205003,-40.80282211303711
14.764590485532123,-50.136993408203125
14.771947032859243,-54.4431266784668
14.779303580186365,-40.648521423339844
14.786660127513487,-42.777462005615234
14.79401667484061,-47.5159797668457
14.80137322216773,-43.84300231933594
14.80872976949485,-59.679420471191406
14.816086316821972,-48.53998565673828
14.823442864149092,-45.65160369873047
14.830799411476214,-38.0235595703125
14.838155958803336,-40.55449676513672
14.845512506130456,-40.541282653808594
14.852869053457578,-45.65160369873047
14.860225600784698,-46.66911697387695
14.867582148111818,-43.09782028198242
14.87493869543894,-43.944122314453125
14.88229524276606,-47.562801361083984
14.889651790093184,-45.65160369873047
14.897008337420305,-53.65882110595703
14.904364884747425,-50.265785217285156
14.911721432074547,-47.37493133544922
14.919077979401667,-49.13363265991211
14.926434526728787,-44.36463165283203
14.93379107405591,-51.65914535522461
14.941147621383031,-42.230674743652344
14.948504168710153,-41.793724060058594
14.955860716037273,-49.679420471191406
14.963217263364394,-38.665470123291016
14.970573810691516,-42.04513931274414
14.977930358018636,-46.66911697387695
14.985286905345756,-51.65914535522461
14.99264345267288,-52.689720153808594
15.0,-44.686073303222656
